Name,Timestamp,Latitude,Longitude
Soldier Claudia,2023-07-27 06:15:10,47.98998485595618,70.50778058360913
Don Vito,2024-08-10 14:07:59,-75.42634433601182,105.26048375971891
Don Vito,2023-01-22 08:44:31,52.16833969347857,164.1770906277128
Enforcer Fabio,2024-09-15 18:45:01,-75.48564956008528,-43.70920254977901
Accountant Elena,2024-12-09 22:51:47,-71.97074380006565,152.35113845443215
Informant Pietro,2024-01-28 09:10:19,-57.40720109072238,155.2003447657985
Lieutenant Franco,2024-05-31 02:57:56,87.50809975832792,-28.77593959683631
Capo Gianni,2023-09-07 03:37:03,56.624579764512816,-69.86343806294582
Lawyer Anna,2023-03-28 20:51:47,-37.8003181588523,152.74567418264655
Underboss Maria,2023-02-06 17:38:49,-63.89847089608043,-54.42189080120404
Capo Angela,2023-04-15 13:16:32,-77.65187094839466,-85.41617128899601
Underboss Marco,2023-01-02 21:46:47,88.91717069229202,-58.46791597932912
Underboss Maria,2024-10-12 08:43:41,-51.61824015274854,-159.74500616155018
Soldier Luca,2023-05-28 05:00:21,39.261790938091394,12.020735462488318
Soldier Claudia,2024-08-03 07:57:41,22.174544838618743,-152.9081170130053
Soldier Silvia,2024-09-08 21:50:20,-89.77087409532005,53.460010226674626
Soldier Silvia,2024-09-30 08:45:19,39.29159533311187,94.7731440900763
Lieutenant Franco,2023-08-03 09:12:52,71.30227280402377,-15.572507928517354
Soldier Bianca,2023-12-19 06:38:10,88.88323614689318,-164.121957231493
Accountant Elena,2023-04-01 17:19:30,-25.539302797353315,-172.5260731700077
Soldier Silvia,2023-11-19 04:58:36,87.4190214570529,113.22632917379354
Associate Mario,2024-09-04 06:51:24,-39.15832377716733,8.220665834923892
Soldier Silvia,2023-06-27 11:53:57,-26.043135988096836,65.9870223676023
Soldier Marta,2024-08-20 03:49:45,46.4158219207182,157.82646525455925
Capo Angela,2024-10-22 04:58:54,-50.327294617773326,12.362337595215308
Capo Rosa,2023-06-07 03:04:23,-45.82866211484376,-19.71617744890756
Capo Angela,2023-04-26 14:27:08,52.06366671892883,-144.973584912337
Soldier Enzo,2024-05-23 15:04:22,-39.59948961350987,149.14512930524643
Soldier Paolo,2024-04-04 19:54:46,-2.1430210049293095,-25.355234345097017
Soldier Enzo,2024-12-22 20:30:23,-9.430729154309844,-5.389010335368027
Capo Gianni,2024-03-10 13:52:17,-18.229205935255123,133.79636304820866
Enforcer Fabio,2023-04-28 13:42:42,40.35348566522799,-44.078385332236195
Soldier Enzo,2024-08-16 18:43:07,23.21559954226042,179.20523477614256
Soldier Claudia,2024-03-14 02:54:40,29.330195843304807,112.04444850128726
Accountant Elena,2023-11-05 08:57:05,7.611554622393555,-20.64414424141475
Capo Salvatore,2023-01-24 18:44:32,-64.42463580284327,26.983927434196232
Don Vito,2023-07-24 11:44:13,-72.86482125155288,60.482355727761956
Lieutenant Franco,2023-12-06 03:26:12,-82.28964967657402,-115.80672467882526
Lieutenant Franco,2023-08-10 06:42:47,10.833155165516885,-119.24966830846046
Underboss Marco,2024-08-10 00:20:47,-31.38715852050249,86.77600305499044
Soldier Silvia,2024-04-18 23:53:18,-0.6897818099375712,-138.84382087405717
Capo Salvatore,2023-08-08 01:06:32,-38.96471350432721,-45.69285252937104
Lawyer Anna,2023-04-03 11:44:59,66.49628589949569,17.518507759030967
Informant Pietro,2023-03-24 06:05:45,-77.70261273446062,51.8666097022535
Capo Gianni,2024-11-30 10:15:01,75.76479011847783,-114.95409229119929
Enforcer Fabio,2024-06-11 11:14:27,44.75567111099289,-29.756199069442374
Underboss Maria,2024-07-13 22:38:46,-5.331010529748426,168.66406661270133
Soldier Luca,2023-12-24 02:47:10,-81.56335076443388,122.66201458677244
Informant Pietro,2023-05-26 03:19:36,42.95646635446863,44.439584479411764
Soldier Claudia,2023-07-02 05:01:53,-18.409486124404125,50.39407357257775
Underboss Maria,2024-02-08 10:25:18,56.97322187654922,162.1929915402447
Soldier Enzo,2024-05-29 16:42:32,76.26862102372502,-92.7857138097921
Consigliere Carlo,2024-06-03 09:58:52,6.1887329668698925,-173.29706224072734
Consigliere Carlo,2023-01-14 21:41:36,44.759607158033305,-6.313649084711216
Enforcer Bruno,2023-02-21 12:58:10,12.067154146215003,115.36758493725722
Soldier Marta,2023-07-17 01:12:32,-81.45370736327403,71.16188751201108
Associate Luigi,2023-08-14 08:06:34,72.17466696200688,-51.67085740493502
Don Vito,2024-06-10 23:24:00,63.13200794916125,144.82329333465918
Underboss Maria,2024-05-17 19:46:49,-61.60878825362234,158.1200985704424
Soldier Silvia,2023-02-02 03:25:21,-52.85377684079242,-65.9610516356135
Soldier Paolo,2023-07-29 19:49:20,-21.176923508706565,-118.54727304061173
Capo Rosa,2023-01-28 22:51:02,3.7970171553272536,-83.33908261797392
Soldier Claudia,2024-11-10 09:07:36,-44.74697388831785,-42.75993562304106
Enforcer Fabio,2023-02-26 03:57:28,-58.27490981371899,-21.484217809949854
Associate Luigi,2023-07-07 00:11:07,48.316458846366714,7.204931800219612
Consigliere Carlo,2023-03-04 20:43:16,-18.27175758745001,-177.7626025157496
Lieutenant Franco,2023-09-01 19:42:07,-56.12691415494099,-43.04969696955061
Associate Mario,2023-04-17 14:20:15,-16.817556138850378,-53.000577042237964
Soldier Nico,2023-05-09 12:06:42,35.91041421548459,6.004083362439388
Informant Pietro,2023-03-24 14:29:31,72.05184375749508,-33.2402799792163
Associate Sergio,2023-01-09 12:34:24,70.01003003893328,118.38719181315713
Associate Sergio,2023-10-13 10:17:12,20.37765269452457,-75.48882590937342
Capo Rosa,2023-06-25 14:03:14,-46.75086442953037,-162.98326510655482
Underboss Maria,2024-03-18 02:55:27,-31.10808057276236,169.3585268177289
Underboss Maria,2024-07-15 03:27:13,13.685921532546033,122.40103411844052
Capo Angela,2023-03-27 22:47:10,57.12088011389588,-171.9501396727949
Soldier Silvia,2023-08-22 04:05:11,-40.598624568580135,-60.624575965761366
Soldier Marta,2023-02-15 00:02:27,27.788921019472326,-171.61750556272517
Enforcer Bruno,2024-06-05 15:02:04,-12.899732864933185,-132.3574239681176
Soldier Luca,2023-06-12 22:32:41,54.87144242533432,23.639615782991115
Capo Rosa,2024-10-30 14:12:16,-2.93485550278983,-156.30206547439423
Lawyer Anna,2023-08-29 09:35:12,-76.54951711343094,112.85208141753088
Capo Salvatore,2024-12-15 01:36:59,38.08580563915643,39.40250530478119
Soldier Enzo,2023-12-13 07:33:33,35.217589659111695,-71.44788321850905
Soldier Luca,2023-09-24 06:52:56,22.13217505371935,2.0177927059164062
Consigliere Carlo,2024-06-28 17:46:25,-22.515520039106335,-99.3500187264152
Enforcer Fabio,2023-05-11 20:54:13,88.05398562901806,-5.5865717574859275
Lawyer Anna,2023-02-24 03:57:59,-69.37911669860777,140.8981997958653
Soldier Bianca,2024-06-08 12:24:23,86.21487933248008,167.12415776621827
Soldier Enzo,2024-10-02 22:05:21,-59.6041091107331,-123.74575111178089
Associate Mario,2024-11-05 08:58:17,53.485679272096036,147.63756551423654
Consigliere Carlo,2023-12-15 22:13:07,83.64328864181428,-123.61465837028904
Capo Angela,2023-03-16 23:54:56,79.80226935814832,-39.45805402144461
Soldier Marta,2024-08-15 01:48:58,-84.07919835118994,40.422589180870034
Associate Luigi,2023-06-25 00:31:05,-70.95781150462027,-164.80211186049902
Capo Rosa,2024-10-09 06:06:20,-53.670959467045535,-162.32264288770637
Accountant Elena,2023-02-23 06:57:50,29.82021118915368,36.13040789963446
Lawyer Anna,2023-01-29 21:30:43,61.61342202262884,-8.770870184617621
Lieutenant Franco,2024-05-04 07:27:50,-43.06726630014682,-70.08206627615057
Enforcer Fabio,2024-04-09 09:51:42,38.695427721098696,149.12745891533353
Capo Angela,2024-06-10 13:00:07,-55.40018697080227,-86.7906578084876
Capo Salvatore,2024-03-02 17:25:56,88.18641783329417,-76.97081403164894
Capo Rosa,2023-08-23 15:36:40,74.7354339652392,-117.55456468828571
Capo Rosa,2023-06-28 10:07:14,-20.439115299420678,141.78236972398406
Soldier Marta,2023-08-13 09:27:26,-33.2716955284894,-89.79056820376965
Capo Angela,2024-12-10 19:27:04,61.37330065434335,138.54234517012202
Capo Rosa,2024-09-26 19:17:23,5.836360604652768,-90.34663796385142
Soldier Silvia,2024-10-08 18:21:17,-75.80195295005234,41.134432422949374
Don Vito,2023-03-24 20:48:06,-53.75065491337406,-109.68081367239729
Capo Gianni,2023-03-01 01:34:58,73.12412680695618,21.377013194443748
Soldier Nico,2024-10-27 04:51:25,-36.95033959030951,53.41262670900045
Capo Rosa,2023-12-14 01:08:42,36.719871478327875,-8.269783693706017
Associate Sergio,2024-11-28 21:13:24,-35.03784730861295,37.51927231498823
Capo Angela,2023-10-31 08:09:40,57.4541765497176,-160.55312448435924
Lawyer Anna,2024-01-21 02:26:58,10.014911732085778,-101.54706462369639
Informant Pietro,2024-01-19 03:31:14,-81.65659829793731,-87.11535307904468
Informant Pietro,2023-06-13 10:44:16,70.79489448839448,-173.48350248816124
Informant Pietro,2024-05-03 10:57:38,-72.3543006074984,2.675379820371944
Informant Pietro,2024-04-17 18:36:44,-19.96265979392261,142.0091986217804
Soldier Bianca,2024-10-14 03:01:34,-85.32019361076897,49.889779798370256
Soldier Enzo,2024-11-01 11:22:24,-20.75287739154416,-157.93286661754988
Soldier Luca,2023-10-25 19:34:56,15.416839706107638,-132.8257794187042
Capo Gianni,2024-05-04 04:51:43,-78.83541081761834,80.3975964153147
Lawyer Anna,2024-10-16 10:21:51,49.60140751861829,-158.22729038888613
Lieutenant Franco,2023-06-10 08:12:31,77.71827347817938,78.47952459895112
Soldier Paolo,2023-08-27 09:46:41,-44.71998689004854,7.942306160333402
Lawyer Anna,2024-12-27 16:42:20,-30.270083826799727,126.73292361245979
Soldier Silvia,2023-01-21 03:01:30,-71.11806502321153,13.051786620846315
Associate Luigi,2024-03-17 01:29:51,-74.60466140856403,-167.1953384390403
Capo Angela,2023-07-21 20:41:01,67.3757596039352,-119.88480010847584
Underboss Marco,2023-02-01 07:16:36,73.8284685676455,70.07375836395246
Capo Gianni,2023-06-12 09:24:31,-69.82298917712475,-87.62488056668958
Soldier Marta,2024-02-23 04:04:38,-67.65834506953522,124.17062571821958
Informant Pietro,2024-04-26 07:16:12,-46.69085325310123,-8.681619645367846
Soldier Marta,2023-08-16 20:47:31,85.4063673158409,1.9174522305953872
Associate Luigi,2023-07-26 23:38:04,83.25831708773887,26.505527626301188
Capo Gianni,2023-10-10 08:32:01,-3.057703424699554,10.60816909793482
Don Vito,2024-01-10 14:53:35,-43.66982814585684,-14.543296493117282
Soldier Paolo,2024-10-21 23:56:24,31.56311633691338,5.414410053357159
Capo Gianni,2023-07-01 18:02:50,-13.509292078321224,92.88144237928356
Accountant Elena,2023-06-23 06:16:01,85.09226926675163,37.0907447874805
Underboss Maria,2024-06-22 12:37:22,41.588962668297825,165.91618657882628
Capo Salvatore,2023-12-02 03:53:10,-72.11001853898674,167.82687586983957
Soldier Marta,2024-08-22 19:51:13,-11.515309666902851,112.17942668089597
Lawyer Anna,2023-04-25 13:19:08,-87.54154870318224,130.95606198761027
Associate Mario,2023-05-16 23:12:02,86.64245577191474,-82.66922835065132
Underboss Marco,2023-01-16 03:42:11,33.16644976557056,-153.20015538300743
Don Vito,2023-07-01 23:15:24,61.02437127566566,-148.53287668422067
Soldier Silvia,2024-09-06 12:00:53,-54.563839490929354,-9.264049250096463
Associate Mario,2023-03-03 03:18:57,71.75785784627433,41.66244042060421
Capo Angela,2024-01-05 00:49:06,-31.944021649263902,56.494315749048354
Lieutenant Franco,2023-11-15 06:21:33,-11.7096873530311,-148.81277939587048
Soldier Bianca,2023-06-22 12:19:47,-53.65462385733507,60.0159172083533
Associate Mario,2024-08-16 23:14:14,56.60173222175598,-50.70558113151574
Don Vito,2024-03-26 16:21:48,50.930992898703806,-43.71692378346822
Associate Sergio,2023-02-21 18:00:34,1.8421280833259175,48.6153418174612
Lieutenant Franco,2023-01-18 16:55:50,-23.489609354646433,149.00328036345962
Soldier Enzo,2024-06-05 19:05:54,16.829021262812773,12.832722682181867
Associate Sergio,2023-01-09 17:49:24,-75.01828711479236,30.06551307643369
Associate Mario,2023-08-06 07:20:11,55.35992286644387,132.75529262094852
Associate Luigi,2023-07-09 18:03:12,78.71413703860921,-0.899961882885151
Consigliere Carlo,2023-02-15 13:15:04,-85.44257593387766,62.21654417929071
Capo Angela,2024-01-12 19:17:56,-71.36028054304104,-42.316341317988076
Soldier Claudia,2024-12-05 22:52:59,-80.36597499263127,-109.31060526391887
Underboss Maria,2024-01-30 05:43:37,54.605739761324685,-24.340820720378645
Soldier Claudia,2023-07-03 08:28:34,16.28145849420227,-120.78465643744475
Soldier Enzo,2024-10-10 03:11:33,-38.41388081598862,95.07345978104632
Soldier Claudia,2024-07-06 07:56:03,-72.98266082541619,-82.6864702149804
Underboss Marco,2024-10-19 14:41:40,-79.96482713506036,-90.98428467315881
Soldier Bianca,2023-02-19 23:31:32,79.92264052650683,66.72203298347122
Soldier Nico,2023-11-01 19:24:44,43.7937675035914,-119.99719390920345
Soldier Paolo,2024-07-25 16:29:58,-87.0413601582262,-172.10453295807318
Capo Gianni,2024-04-13 14:17:31,56.282816334317346,-117.655836921177
Soldier Claudia,2023-09-11 13:55:57,27.45277731838496,-79.74604901356997
Soldier Marta,2024-12-05 22:38:35,63.83572901380603,10.44135598994481
Soldier Luca,2023-05-17 22:29:06,86.66950469574735,-70.88073595237807
Capo Rosa,2023-06-27 06:26:39,70.24634946270916,-135.43750144491534
Informant Pietro,2024-02-12 08:29:10,23.55007468924464,-118.2815691063828
Soldier Enzo,2023-03-25 01:26:00,-35.49844525824951,119.9480614689677
Underboss Maria,2024-07-02 02:01:39,-13.575673485667735,115.49662146005136
Don Vito,2024-11-12 17:08:44,-88.35925949479913,-101.4386478490255
Consigliere Carlo,2023-09-25 00:45:56,33.187930414290975,-70.50769762432515
Soldier Marta,2023-06-17 13:35:10,-66.96406825114397,112.01075647645484
Capo Angela,2023-05-29 04:59:55,-63.022493961533456,96.73278475891158
Soldier Bianca,2023-04-20 20:25:44,73.71498409921438,92.35536017427899
Soldier Nico,2024-05-10 09:48:48,-60.95812228195,176.80786745362593
Associate Mario,2023-12-13 08:44:21,-17.29917767552398,114.90114671232158
Consigliere Carlo,2024-10-10 17:17:11,83.58813986051331,30.595450408504234
Capo Angela,2023-06-11 16:22:17,64.66938504249558,-38.01817496716254
Associate Mario,2024-09-15 04:28:17,21.382202461753906,105.96937739350915
Capo Gianni,2023-05-30 22:03:47,-12.76652391462109,-18.62029084947386
Capo Rosa,2024-01-05 03:42:46,39.094416574636654,-22.88200554926655
Capo Rosa,2023-01-13 12:22:55,-26.830887839304744,92.37882674658124
Lawyer Anna,2023-01-01 06:17:27,59.6827584287424,100.65386255713418
Capo Rosa,2023-07-07 20:17:00,74.66718939286784,-6.6264744833228235
Soldier Claudia,2024-07-15 20:56:29,-70.31886259286188,10.142796692972041
Lawyer Anna,2023-03-15 21:25:14,-15.774279283422686,-53.51892460831748
Soldier Claudia,2023-02-25 05:17:09,-78.90070353559213,-17.632848834572144
Soldier Luca,2024-02-15 02:09:17,-1.6059676882935605,127.57802403162378
Soldier Silvia,2023-02-27 20:19:31,-78.4698243561757,1.512509178026221
Consigliere Carlo,2024-05-16 13:21:54,15.82635029895944,119.09483765659337
Lieutenant Franco,2024-12-12 00:29:41,22.69888529254257,89.76544240092358
Enforcer Fabio,2023-04-12 14:25:58,-39.83253224063312,4.002751257881187
Associate Sergio,2023-07-01 18:50:56,-41.44578185833075,-24.30976934194794
Associate Luigi,2024-07-30 01:32:41,-53.58867995169629,-113.56747632080983
Lawyer Anna,2023-11-29 20:14:51,-18.77322599173145,44.8472668856796
Soldier Marta,2024-11-20 11:56:29,30.584141529674127,22.33373315294287
Associate Mario,2023-05-07 08:19:16,-47.885259633612485,-40.97939752419188
Lawyer Anna,2023-10-29 00:58:06,-11.65497242755832,96.21084324660967
Soldier Enzo,2023-06-27 11:57:31,-25.44926653962746,-57.19100088466243
Soldier Luca,2024-02-25 14:28:41,65.73068130865636,-111.1198878955229
Soldier Enzo,2023-05-09 00:23:31,-76.290161429802,92.52669909685807
Soldier Marta,2024-05-04 01:44:18,-5.579298917792414,-66.43428108110952
Enforcer Fabio,2023-11-17 13:29:32,-78.80228266972611,92.01597091339096
Capo Salvatore,2023-10-14 19:00:54,-15.240434687704408,-149.39394427912015
Underboss Maria,2024-10-07 15:16:50,42.59588590373352,137.30923288880615
Soldier Silvia,2023-02-24 08:00:05,81.10091074409334,100.31679668022758
Associate Mario,2024-12-30 18:36:57,-17.674081247225246,169.6541094701115
Soldier Enzo,2024-02-06 04:58:01,-9.483185404870113,65.392608699161
Underboss Maria,2023-07-07 21:44:31,29.586152154567046,32.88672377048735
Don Vito,2024-12-30 15:38:16,-50.64642553064076,68.45685839799464
Soldier Bianca,2024-04-12 23:22:19,27.65522702146808,108.27073456163924
Soldier Marta,2023-04-29 10:24:13,10.395403657844028,146.5558722620671
Accountant Elena,2024-07-02 20:45:37,-88.57838581848792,-91.16038918655264
Associate Sergio,2023-04-16 18:20:23,54.37646659010343,10.748177937271493
Associate Sergio,2024-02-09 11:21:07,59.13334525723326,-79.62773020010081
Capo Salvatore,2024-12-26 06:20:28,-13.307242217089737,136.15267089860868
Consigliere Carlo,2024-03-07 03:48:04,-23.3875040201559,27.88925746343878
Soldier Luca,2024-09-06 06:08:53,9.8457871478859,-15.733117169425384
Capo Gianni,2023-11-20 16:21:37,36.96997079995353,59.048703854372974
Capo Rosa,2023-12-30 20:21:07,-62.81414085491081,109.85004199322083
Soldier Silvia,2023-04-25 02:04:39,24.855929750821417,78.61849820046996
Capo Angela,2024-03-21 00:10:29,1.2754657899868818,26.365150738575352
Lieutenant Franco,2024-09-22 05:26:21,52.656786987771255,29.648552837153375
Enforcer Fabio,2024-06-19 18:00:15,11.25946828024928,-6.302465103882639
Lieutenant Franco,2024-07-26 06:36:49,-54.66525654048323,21.68653753605153
Soldier Luca,2023-06-28 16:18:24,67.14893568924177,113.25858735202621
Associate Mario,2024-03-18 14:36:56,87.30795009190552,68.82102246648961
Associate Mario,2024-03-27 13:13:11,-47.66535165815497,-163.82195681316503
Soldier Enzo,2023-05-20 21:15:27,-14.167558953123773,-105.4081312633403
Underboss Marco,2024-10-25 23:37:01,-44.70972484019078,-137.02277848869147
Don Vito,2024-06-24 00:49:52,56.645864715640755,91.54026046027496
Associate Sergio,2024-04-22 03:42:52,-38.025647290605605,-160.68336160141791
Capo Rosa,2023-01-05 21:13:20,-43.69072965373922,-24.851096000456266
Underboss Marco,2023-01-23 11:44:38,46.23795805137769,47.57306503819086
Enforcer Bruno,2023-04-22 03:32:24,-81.72053128223942,-30.13740842688614
Don Vito,2024-08-06 06:29:52,87.13316635076836,-30.075072036931118
Soldier Bianca,2024-12-20 21:31:19,-39.768545766643996,-95.47015607029859
Associate Sergio,2024-07-03 19:45:52,79.01681321118775,-134.56681786676486
Lawyer Anna,2023-07-26 17:25:31,-31.99224527460248,-170.33090794505677
Capo Rosa,2023-07-27 05:32:28,20.8181381954972,44.64525856125701
Don Vito,2024-05-10 23:23:01,-49.00147990086456,40.812763597438106
Lieutenant Franco,2024-06-04 02:03:36,0.8473744536257044,88.09664297528548
Enforcer Fabio,2024-04-05 12:08:17,-73.5629059672655,144.3844095465272
Soldier Enzo,2024-02-01 23:49:36,-74.59365777726877,171.02454485992797
Soldier Paolo,2023-04-08 01:33:46,85.59358631716108,0.9109302315509069
Soldier Paolo,2023-12-17 06:18:01,-29.30115378994271,54.66457445998566
Associate Sergio,2024-04-26 12:03:40,24.25655508783335,-25.389346491649945
Soldier Luca,2024-11-27 09:26:09,82.14085058289666,-161.66461054311532
Underboss Maria,2023-05-01 22:54:57,-2.1117527726423617,126.687580891717
Informant Pietro,2024-06-27 06:25:46,41.323775746858814,129.03436802633507
Soldier Luca,2023-09-17 01:52:18,-64.79159872468367,-66.82219211964279
Soldier Luca,2024-04-28 14:18:31,72.6922951426044,-77.81538193721485
Capo Gianni,2023-09-28 00:55:33,-41.77735660483905,-86.29692888171486
Associate Sergio,2023-08-13 12:44:52,-83.79995627673698,-147.1231039988579
Don Vito,2024-06-16 07:27:43,55.043775664835294,170.69260236773698
Soldier Bianca,2023-10-25 20:06:17,44.001916027117005,145.40261495655676
Capo Salvatore,2023-11-12 19:28:19,-88.11924919908616,-21.632266998583503
Soldier Claudia,2023-03-31 15:44:48,76.97739857840853,109.05124085130694
Soldier Bianca,2024-05-04 01:21:00,-60.07281611497528,12.766186933678767
Enforcer Fabio,2023-11-15 18:48:57,-41.64011551506978,47.10563011737011
Enforcer Fabio,2023-04-30 23:13:30,-18.216068520090488,-179.3620799126976
Enforcer Fabio,2023-05-03 15:21:27,-35.874984484891115,-130.7653779777719
Associate Sergio,2023-05-26 11:54:10,8.941281612648865,76.09270534070828
Soldier Enzo,2023-03-25 11:53:20,-54.541663140909776,-52.43924715087837
Soldier Marta,2024-06-18 01:46:50,-70.01147211478435,-34.21434349321956
Soldier Luca,2023-12-11 09:26:40,50.87234793052326,-6.543147633532584
Underboss Marco,2023-04-10 22:06:07,22.30248349005649,-34.675777381959506
Don Vito,2023-02-10 11:41:15,-26.50410164664521,149.41447955941976
Informant Pietro,2023-08-15 06:24:16,-31.15869401813159,107.61555859767208
Associate Luigi,2024-01-25 16:17:56,-1.9253018472800107,-24.810997440106462
Capo Angela,2024-08-19 17:23:07,62.08561851918094,169.05066928812403
Soldier Marta,2023-02-12 02:33:44,27.42092519354432,138.801652183525
Underboss Marco,2024-11-16 23:40:28,38.80776150005076,48.164881879348485
Underboss Marco,2024-08-17 03:29:04,-79.99022227791738,-111.28332386176758
Enforcer Bruno,2024-02-13 01:30:06,-46.5496512788037,59.95564085220951
Underboss Maria,2024-09-14 23:55:48,-39.03633294223406,-153.8410892689835
Informant Pietro,2023-05-01 18:28:25,-39.64571123261745,94.85372762594369
Underboss Marco,2023-05-19 23:37:42,17.06431638083623,-38.69021103262864
Soldier Bianca,2023-05-29 04:52:09,-2.289934544187261,-173.15833147623803
Soldier Paolo,2023-05-29 03:28:56,-27.658719218315724,96.78740183075485
Underboss Marco,2023-11-06 01:13:49,-79.36398726030546,9.52017030854637
Don Vito,2023-09-08 13:52:10,72.73090510696281,35.97088730896411
Soldier Claudia,2023-11-12 22:36:20,-45.37318517248299,-163.13584151743675
Informant Pietro,2023-01-02 19:21:02,-86.68809076796533,157.9708012836428
Soldier Claudia,2023-04-23 14:25:04,75.69375200047338,-98.60482031211133
Soldier Claudia,2024-07-12 23:38:23,-45.68840070466382,69.61009844355917
Soldier Silvia,2024-07-06 02:26:14,-44.62149414055497,-76.26030525868265
Underboss Maria,2024-06-01 19:39:24,87.95093288074622,169.01502003871218
Soldier Claudia,2023-05-16 11:01:46,0.9926222412086645,172.1691943979808
Lieutenant Franco,2023-01-15 21:23:26,76.77016223609263,-97.44163374066333
Informant Pietro,2023-05-08 09:42:28,12.486896378684364,106.15916001273638
Soldier Enzo,2023-03-17 14:45:36,-89.61557971129508,-22.346746431338858
Associate Luigi,2024-09-05 09:08:57,-85.79369900886283,-90.21822873511276
Soldier Nico,2023-11-22 06:49:23,-15.781609217508105,40.04089015994944
Capo Angela,2024-12-16 07:47:06,-53.106692390642486,24.20704320853534
Capo Angela,2024-02-08 22:26:03,74.80368731424628,-134.34508066615643
Capo Salvatore,2024-05-19 12:04:31,59.54008322473834,120.68317402660654
Enforcer Fabio,2024-02-05 11:49:48,80.39380004761679,-34.96169000293449
Soldier Enzo,2024-11-05 01:19:45,-83.6056889430224,-150.1307496239005
Soldier Claudia,2023-01-08 20:14:23,-13.66596987922523,-10.923343113460902
Enforcer Bruno,2024-12-29 23:00:40,-63.321552075248974,19.42882466747068
Don Vito,2023-07-23 04:47:11,-4.2930103536841955,148.5329261514264
Capo Salvatore,2023-10-18 14:59:15,-29.225769214981483,-95.95724244425824
Soldier Silvia,2024-04-16 01:07:47,62.08142810133165,98.1402423536885
Capo Rosa,2023-03-10 11:58:48,25.4031035754592,12.911010711352617
Capo Rosa,2024-03-29 15:13:58,-4.0069454924149,-146.9195480529028
Associate Luigi,2023-11-11 16:44:27,70.29490541363342,36.433953965431726
Soldier Nico,2024-10-02 19:29:50,-58.35675202224273,-101.31800862941947
Soldier Bianca,2024-06-20 11:33:49,-62.39230341884566,52.775796449084254
Capo Gianni,2023-07-07 15:42:43,-37.91740828917689,32.58191394198212
Capo Gianni,2024-11-06 18:47:28,29.62902740428163,128.62036519430666
Capo Angela,2024-02-20 03:09:53,2.117516182139852,23.325252265152415
Associate Mario,2023-07-02 07:24:48,56.27652152435655,4.525176556650479
Soldier Bianca,2023-09-24 17:36:37,28.879762406554306,137.97156598976625
Lawyer Anna,2023-11-26 16:45:44,-35.23865163403611,98.32962269560062
Associate Mario,2024-07-10 04:07:10,-1.045242459408101,-126.26752082435554
Informant Pietro,2024-02-12 14:31:53,65.29087472947637,90.69810305741356
Underboss Maria,2024-12-29 11:46:07,-50.882979795315265,25.478317595692516
Lawyer Anna,2023-09-28 10:24:21,41.29613214890668,14.760169241173799
Soldier Paolo,2023-02-25 06:32:48,60.70773823306695,-105.25607513450592
Capo Salvatore,2024-04-01 17:52:45,34.467710749320986,132.86835584465342
Soldier Silvia,2024-06-11 16:36:47,-19.416701166500758,33.1966200797834
Underboss Maria,2023-11-11 03:55:10,-32.526538297067255,33.667326430542346
Soldier Claudia,2024-02-13 16:43:23,-64.63920324835038,-5.721314512791565
Associate Mario,2024-09-28 16:50:33,70.3866584864285,156.19071354640448
Underboss Maria,2023-05-14 07:17:40,86.69262641995996,-22.575099634846538
Lieutenant Franco,2024-06-02 15:24:28,47.21170603432094,-109.09957493739095
Enforcer Bruno,2024-01-06 09:25:16,29.404957270882846,114.79106676127515
Informant Pietro,2024-09-12 11:09:06,-80.65739540505267,-165.44854393969848
Consigliere Carlo,2023-09-30 22:00:42,55.59917734774831,10.518045698226075
Enforcer Fabio,2023-01-11 12:58:54,-17.489084360812882,-113.68775907596383
Soldier Nico,2023-02-17 17:35:10,-10.824794929737564,-59.47937824386831
Underboss Maria,2024-05-18 18:03:43,-26.94434945114392,-42.48431119555764
Don Vito,2023-01-06 04:40:13,-30.578243609366645,-152.86706638424863
Soldier Nico,2024-11-03 00:05:26,-86.27979367273484,-37.37722320837284
Soldier Nico,2024-04-09 02:49:47,-22.18435230781124,172.8823231054921
Informant Pietro,2024-02-25 06:15:19,-8.567764794784068,-54.891799245026576
Soldier Luca,2023-07-04 03:45:50,-24.09930440209,145.9632757771629
Soldier Luca,2023-02-16 23:02:23,-33.85860317356027,-98.39030855955495
Soldier Silvia,2024-01-03 15:17:36,77.12908162624763,-97.0713875207684
Soldier Enzo,2024-08-31 16:12:40,78.53476836070442,172.5826400656009
Lieutenant Franco,2023-03-21 13:04:27,4.65386817964918,-36.89791977078633
Soldier Nico,2024-01-25 10:25:05,-70.62380504567034,88.86295272132679
Lawyer Anna,2024-03-03 08:56:45,-9.872505758766238,-70.9734682919278
Soldier Silvia,2024-02-26 18:51:48,-40.26790107394149,-41.32850382014806
Accountant Elena,2024-09-18 11:54:41,-43.19181454314527,71.2529694948073
Lieutenant Franco,2023-04-18 03:14:39,-27.95114857523889,23.020761640714312
Enforcer Bruno,2023-03-29 18:44:34,-53.70068522130134,-47.678997634260355
Underboss Marco,2024-03-24 06:27:30,-26.734838754189944,-95.76260637573608
Soldier Bianca,2023-11-23 19:43:23,-46.76403809760999,-125.98570969767488
Capo Angela,2023-05-02 10:27:17,-74.17537992771616,165.60228646696373
Soldier Enzo,2024-09-26 13:38:15,-40.8922495859227,-166.18456424519155
Capo Rosa,2023-12-13 15:25:22,-45.68402613652579,112.24618563761817
Enforcer Fabio,2024-10-28 17:43:38,-33.46818629894416,-66.30733099766142
Enforcer Bruno,2023-01-15 17:56:06,-71.43274852613733,126.79234507077626
Capo Angela,2024-03-27 11:41:07,-50.3806174364057,126.12405902973597
Capo Salvatore,2024-08-15 01:24:51,-85.61249015036223,-10.52916257400588
Soldier Claudia,2024-04-06 19:18:35,-42.24852402651342,-133.2543510759914
Capo Angela,2023-11-21 10:26:48,-82.0352805656472,-108.05341983343997
Soldier Luca,2023-04-13 08:51:58,33.86615806635349,-9.438390419776596
Lieutenant Franco,2023-04-09 05:43:07,-62.064534155019935,37.28684947397963
Soldier Paolo,2023-11-13 17:37:56,53.11591769379237,94.81371206707405
Soldier Claudia,2023-10-18 05:32:17,10.905315973061008,-71.81294829988177
Soldier Enzo,2024-04-12 12:09:52,42.9437128554909,87.92387080987845
Enforcer Fabio,2024-10-09 08:59:03,80.15560481286633,-140.23642782690328
Informant Pietro,2023-08-10 12:46:09,-64.04715797756279,-131.19456353207232
Associate Sergio,2023-12-28 06:55:00,10.180536989764235,127.26862467124874
Underboss Maria,2023-09-13 20:57:07,-72.01043848828456,-62.008358075403166
Associate Luigi,2024-11-24 04:39:57,61.914520862638454,164.12457039001515
Soldier Enzo,2023-04-30 23:49:35,1.042112125816061,60.40081655163809
Soldier Nico,2023-05-27 21:26:05,40.42976346823795,-13.41813572834414
Accountant Elena,2023-09-12 18:49:31,-57.80590246519265,-53.02046655628051
Soldier Paolo,2023-09-18 19:19:05,17.3858007115804,32.90575457534118
Soldier Paolo,2024-01-16 21:46:31,-48.39905505140308,141.41573868291465
Associate Luigi,2024-02-25 08:05:35,-27.234130947949524,132.89265247386874
Consigliere Carlo,2023-07-21 17:11:38,16.36879548081565,-122.54792963855434
Soldier Claudia,2024-11-11 05:09:09,-24.35382946620949,-0.334127026091636
Associate Mario,2024-11-05 19:01:26,-17.87008169393887,50.785334283233226
Capo Angela,2024-10-13 17:11:06,-70.98918844370687,-106.43268815536256
Lawyer Anna,2024-09-01 22:18:43,57.47418962369619,-158.35532507493238
Enforcer Fabio,2024-08-29 14:34:25,-48.442659326610794,-97.1332076180938
Accountant Elena,2024-12-04 10:26:40,-29.961551172518526,-30.584585288778555
Soldier Bianca,2024-12-15 14:36:47,53.91814786011847,146.9752144625421
Enforcer Fabio,2024-07-14 15:09:24,52.99898463857562,-168.14591901589392
Informant Pietro,2023-01-07 15:06:05,57.38846429020742,-37.52519458828752
Soldier Enzo,2023-03-13 08:20:36,71.79238132908225,19.18891301637902
Capo Angela,2024-10-27 12:00:34,4.2267851344351755,-73.59537106812539
Soldier Claudia,2023-01-14 09:15:15,-60.255611475516616,-57.04496012880131
Informant Pietro,2023-04-04 18:06:00,47.71331494768083,41.96842254017318
Enforcer Bruno,2023-07-09 10:22:40,-26.044046736451428,-78.92654611126157
Soldier Silvia,2023-08-31 23:18:28,41.076795565893434,93.70373006512023
Soldier Enzo,2023-01-30 07:47:54,38.853867249742706,66.77031891152956
Accountant Elena,2024-01-02 11:09:46,24.796378121676597,87.93628056454065
Accountant Elena,2024-04-04 04:34:26,-0.25201343897295203,81.94649317914678
Consigliere Carlo,2023-06-04 17:03:43,21.106909635946565,40.517785698068764
Capo Gianni,2023-04-24 14:40:49,-87.20954830013669,127.07995763684141
Accountant Elena,2024-02-03 13:53:41,23.01103579988768,-179.74180797293604
Soldier Enzo,2024-01-18 08:00:01,-58.71319068598597,-127.77076132701251
Capo Angela,2024-05-11 03:30:24,-52.82190964031387,-92.05698085184258
Consigliere Carlo,2023-07-09 14:33:56,27.192296801121188,-172.94406111329022
Soldier Luca,2024-02-08 12:00:57,-7.040292642186245,-91.9874866803044
Soldier Enzo,2023-07-30 04:28:24,37.11988139502827,-70.38444150786758
Soldier Silvia,2023-07-15 09:42:06,83.02140964748389,-47.569820791449246
Underboss Marco,2023-04-03 05:18:16,-16.575708518700097,-87.61074305699786
Capo Rosa,2023-06-28 17:38:44,-88.6634209423407,-167.88921270360632
Lieutenant Franco,2024-09-20 06:06:13,-40.59697027284112,154.84374272002304
Consigliere Carlo,2023-07-11 18:16:12,-18.425847131350324,-83.26116131478231
Consigliere Carlo,2024-04-22 14:07:40,-35.30846186045076,-145.57960723348117
Capo Salvatore,2023-02-10 13:52:33,79.89177241494275,103.12319886488274
Underboss Marco,2024-07-28 11:02:42,47.381985187269066,-123.06293065665527
Associate Mario,2024-08-22 16:51:46,-89.21105169975681,135.6328879893078
Capo Angela,2023-08-06 04:19:06,88.38095596189635,68.76802394058882
Underboss Maria,2023-03-10 19:52:17,-48.5206302303238,159.2854251927991
Associate Sergio,2024-12-13 15:10:12,-16.467391444699174,158.49878360678935
Soldier Marta,2023-05-26 10:48:26,0.5748165916552779,156.76050151817185
Associate Mario,2024-07-20 13:38:39,-31.06699108231524,178.00865240375686
Informant Pietro,2024-01-24 10:29:29,64.64682123060385,-56.80591259609221
Don Vito,2024-07-11 20:35:51,-59.774135645577296,-24.904143618565513
Lawyer Anna,2023-04-16 03:35:31,18.737717936333638,-176.83919842308947
Consigliere Carlo,2023-05-12 07:21:11,19.95658482593366,76.75463617557244
Capo Angela,2023-09-05 15:19:21,-88.94900868921503,113.69143812746466
Soldier Enzo,2024-03-18 09:36:52,67.7768764549069,-135.4894234571618
Soldier Luca,2023-01-23 17:19:55,18.16156114821986,-3.9003964728169933
Capo Salvatore,2024-08-19 02:18:38,20.108843696087604,40.121877216575996
Consigliere Carlo,2024-10-07 00:33:10,4.156162740854995,49.215468033961116
Soldier Nico,2023-07-28 13:07:01,22.734046162077632,87.36518902595134
Soldier Marta,2023-04-11 09:00:24,-84.61805089686722,-135.01849629667356
Underboss Maria,2023-05-26 22:06:25,-84.36714563745404,126.86157907622726
Don Vito,2023-03-21 16:48:03,-17.865069545629126,53.129406407947044
Soldier Luca,2023-05-11 04:45:49,33.617543207282125,-32.52168172028502
Lieutenant Franco,2023-05-31 01:28:14,-57.21599769404405,-85.1858160936315
Soldier Claudia,2023-12-13 00:00:00,6.748600452482293,105.9112431486875
Soldier Nico,2024-08-21 03:29:27,81.32047930414149,86.54208362352705
Enforcer Fabio,2024-07-05 21:28:36,24.114499143463448,-2.14021591179079
Soldier Bianca,2023-01-30 18:25:23,19.609936345144362,-124.7504028037963
Accountant Elena,2023-02-16 15:23:56,35.34600561410586,-160.20082117087213
Associate Mario,2023-08-17 19:50:37,85.9673792761725,-95.20654903197078
Capo Salvatore,2024-03-12 07:02:48,-48.00688317617984,-130.93775338474416
Underboss Maria,2024-10-22 12:34:21,9.801058081029666,-107.4989615738824
Soldier Luca,2024-01-18 18:07:37,-15.925410585315731,108.31755278571006
Capo Salvatore,2024-03-29 13:34:29,35.597977462548556,152.09212921427894
Underboss Maria,2024-12-30 07:11:36,-86.08536911316035,87.99087363980226
Capo Angela,2023-08-26 02:41:55,65.37343546819895,-9.795345161374826
Soldier Paolo,2024-03-15 06:21:19,58.429907805407026,86.29395466369152
Enforcer Fabio,2024-05-28 10:58:59,-29.20800507096763,35.69215672449056
Lieutenant Franco,2024-09-29 01:08:24,-60.03204183013001,-35.874080134163705
Associate Sergio,2024-02-08 03:39:44,-8.900858214805751,121.86923573104553
Enforcer Fabio,2023-04-06 20:50:01,-88.44851067788886,179.883954838899
Enforcer Fabio,2023-03-29 22:44:25,32.25479693196213,-161.1456692912153
Associate Sergio,2023-03-10 16:40:24,-79.55869092669381,114.58499662101093
Underboss Marco,2024-06-02 10:01:51,-45.39587606356634,112.29376854528442
Soldier Paolo,2024-02-05 22:29:50,-34.61962569623704,168.96797582489648
Capo Angela,2024-03-30 18:21:15,76.73373721381654,-179.3551865941068
Enforcer Bruno,2024-05-01 18:59:12,-46.001626794036056,-69.94501927823647
Capo Angela,2024-03-10 23:06:02,-1.3349749478110908,-166.74589379776697
Consigliere Carlo,2023-07-11 00:24:41,55.3003040498067,174.30654083892603
Lawyer Anna,2024-09-11 09:40:18,-4.151560321058071,-177.20738307462258
Soldier Bianca,2024-07-22 16:35:22,-5.883805783584265,-5.220969081770505
Lawyer Anna,2023-01-25 04:40:10,18.73432997859973,-40.42378131333024
Capo Angela,2024-09-07 11:23:54,-82.78891709024063,-135.45869313850181
Underboss Marco,2024-04-07 02:33:54,-78.90244066150179,52.01852350023972
Don Vito,2024-12-13 02:10:19,-54.76523653191196,10.470282482883647
Soldier Nico,2024-12-08 08:59:28,49.02097012512493,64.93595287851824
Informant Pietro,2024-09-04 10:28:45,53.22538061511051,60.9343120177372
Associate Mario,2024-10-11 02:21:22,-82.36230311901933,29.443169710078507
Capo Salvatore,2024-05-19 07:10:28,60.12712591503299,-1.2083280619587242
Don Vito,2024-11-06 06:56:52,-16.44124101793308,-115.66999824230787
Informant Pietro,2024-11-29 06:00:03,-21.632898835513913,130.18008072699854
Enforcer Fabio,2023-04-19 13:07:59,-29.1803496400848,139.76985526291793
Underboss Marco,2023-09-11 17:19:31,-13.020588854807116,107.50023454626984
Underboss Marco,2024-03-25 08:55:35,-26.940053311576484,-147.46146791992817
Enforcer Bruno,2023-04-03 19:47:39,-70.16129915144124,11.331168355825412
Underboss Maria,2023-01-26 00:45:18,17.363145683566344,-115.99929829296767
Informant Pietro,2024-10-17 14:23:14,68.99053935141086,90.63838734885724
Associate Sergio,2024-04-13 04:12:46,87.12613861630086,117.38530847722421
Lieutenant Franco,2024-12-11 04:07:29,-89.06675048107522,163.90794905841443
Associate Sergio,2024-05-13 17:52:53,5.715924165163102,-140.95926623238617
Enforcer Fabio,2024-04-30 17:11:32,-36.4409915803875,92.0128096025793
Soldier Paolo,2024-01-23 12:46:20,79.74557771429258,-35.877277851207396
Associate Mario,2023-05-17 17:20:07,-4.718482109427228,165.52446338272983
Soldier Nico,2023-08-25 23:34:15,-20.229987481920787,120.16603005762943
Associate Luigi,2024-02-22 12:54:27,-12.668626290097961,-10.123470716484917
Soldier Marta,2023-01-10 11:40:11,-35.869657195848795,-158.64301728621882
Lieutenant Franco,2024-05-09 21:50:29,0.5186790259476908,132.65837208321807
Lieutenant Franco,2024-07-14 06:53:56,-80.6215780539307,-112.96306143937726
Lawyer Anna,2023-09-13 21:52:20,70.61149058283752,-146.4667936806896
Lawyer Anna,2023-04-05 09:06:02,-42.9689455964489,-109.75052259468637
Underboss Maria,2024-08-19 09:04:15,-4.229488992382471,-29.477398059524035
Don Vito,2023-07-01 03:10:20,-47.326329909777904,36.727082903349356
Soldier Nico,2023-10-06 19:54:41,-69.92372135621743,157.345560888928
Capo Salvatore,2024-03-23 22:59:34,83.88982724105588,43.305888660996146
Enforcer Fabio,2024-05-30 17:16:14,17.131397556453933,90.7777477147958
Soldier Enzo,2023-11-21 15:25:54,53.069817180378095,-165.37021938341246
Associate Mario,2023-01-25 03:36:07,61.71217674105577,22.705666337709715
Enforcer Fabio,2024-04-29 16:37:30,2.6120754291515453,-56.60971461546839
Underboss Maria,2024-03-29 21:08:12,44.83600306337357,131.20034579193282
Capo Gianni,2024-10-04 01:49:46,-48.137889916092305,79.04693081787923
Consigliere Carlo,2024-04-22 21:48:37,10.928409388160574,-165.0207487662617
Associate Sergio,2024-07-18 19:22:55,-64.19831630038374,42.920114366543004
Underboss Maria,2024-03-04 05:19:05,-13.097063428454717,-154.94162204176996
Soldier Luca,2024-02-27 15:34:50,7.224694209839754,133.85791517778347
Informant Pietro,2024-04-24 13:19:12,-19.63328930682823,-72.6703480808089
Consigliere Carlo,2023-02-23 13:41:55,86.52403292065111,61.062091091934974
Don Vito,2024-05-08 06:14:43,11.782418354864575,-33.53287471614172
Soldier Marta,2023-01-31 03:34:54,-26.037563636603437,-146.54565515487468
Lieutenant Franco,2024-06-25 01:45:07,-69.01786275928131,159.75063744192698
Don Vito,2024-08-06 21:05:16,-83.56023368617738,-75.45806675779559
Associate Luigi,2024-07-23 07:02:03,60.99282512029444,-40.30807716001402
Soldier Claudia,2023-08-11 06:07:34,-6.681972485051745,-109.81418807354552
Lieutenant Franco,2024-09-23 10:13:39,-62.8628145060206,-42.75846506507068
Soldier Marta,2024-10-25 12:39:14,49.87034931914758,-166.32407530511927
Associate Mario,2023-10-12 08:36:43,27.896637641550996,-123.5316212800474
Underboss Maria,2023-02-18 06:02:55,85.41424560983035,-68.66497788457546
Lieutenant Franco,2023-03-06 13:39:06,-42.6191799785152,-7.868039875855004
Soldier Marta,2023-09-14 10:13:42,83.0571655569371,-158.3956384602608
Lawyer Anna,2023-02-15 02:54:16,-65.31712029911773,-18.459579824904466
Lieutenant Franco,2024-04-05 16:11:02,-3.437134793494124,-50.04331888265227
Soldier Bianca,2023-09-30 00:15:37,-20.575484648189104,101.54402910007911
Enforcer Bruno,2023-03-23 02:35:38,-36.9380473343026,-74.60093018701168
Underboss Marco,2024-01-20 16:37:34,-27.076433788834457,92.41607597522307
Capo Angela,2024-09-15 00:50:34,-61.941090462657215,-149.0311405731438
Enforcer Bruno,2023-12-20 17:07:12,-61.94500653820144,-17.629546415015056
Consigliere Carlo,2024-07-31 00:25:35,-62.14468457012235,116.56131938376382
Soldier Paolo,2024-01-19 11:31:52,-73.76430689277258,-10.033883457120083
Underboss Maria,2024-02-03 11:37:32,-48.530493445963934,-33.84524571389409
Enforcer Bruno,2023-01-17 04:04:54,14.55963702526158,123.13675018740173
Lieutenant Franco,2024-06-28 20:22:46,-86.52832713468531,1.715192236322821
Accountant Elena,2023-08-20 21:01:07,6.118345565905798,150.64903331418844
Capo Rosa,2023-09-20 10:15:38,-22.2139185644793,143.9161451
Soldier Bianca,2023-10-22 14:31:24,12.024004963471484,78.32672888778404
Associate Sergio,2024-05-27 17:22:32,-20.01244504521057,142.6514297831195
Accountant Elena,2023-01-25 03:38:54,30.83906049571341,-12.395450625417794
Soldier Nico,2024-09-09 08:51:45,17.66663374550278,-143.19617001611996
Informant Pietro,2024-02-24 21:25:43,-20.518884638302012,-73.18151655402588
Capo Salvatore,2023-09-16 12:29:24,19.333532557154626,-29.838783547992847
Accountant Elena,2023-05-15 00:08:09,2.7609633796286914,121.71690560648864
Soldier Enzo,2023-02-20 06:50:42,-18.47838054889523,-82.17135021474627
Informant Pietro,2024-03-23 08:06:26,-28.111084097792954,16.691007857883534
Consigliere Carlo,2023-01-09 08:12:20,27.553249603187666,-95.23074701758787
Capo Rosa,2024-08-26 13:09:06,-56.22610255941494,-70.29032654567075
Lawyer Anna,2024-02-22 19:23:43,6.736747834354105,98.35555786996463
Informant Pietro,2023-02-03 04:50:12,89.8550459087177,164.4416117219846
Accountant Elena,2024-03-27 05:51:12,-43.09800468904234,-29.01670216822322
Associate Mario,2023-06-04 06:03:10,-11.312298404177838,-3.55621226253794
Soldier Nico,2023-10-22 22:59:33,-0.17835024555596135,-12.024597251484181
Underboss Maria,2024-02-07 06:59:02,-41.13062559934717,145.98944768973394
Soldier Silvia,2024-11-16 01:33:30,-58.90753524049133,-30.85871780356763
Underboss Marco,2024-07-31 19:11:22,-50.30128758444705,116.12465265233232
Capo Salvatore,2023-05-25 23:32:52,-39.37399869820726,175.126104888977
Soldier Marta,2023-05-27 13:55:19,-32.4152622227818,135.40776956661904
Soldier Enzo,2023-12-23 04:06:38,-81.65225315407439,-1.1476666141705039
Enforcer Bruno,2023-07-06 04:37:16,52.44117549797045,-40.83161896489443
Underboss Maria,2024-05-22 01:28:24,-54.439847589701934,64.91880952878188
Underboss Maria,2023-05-06 23:18:14,50.757021935911325,39.80098452900623
Soldier Marta,2024-04-03 19:09:51,81.81380133814423,64.19443978382057
Soldier Nico,2024-07-30 04:09:59,-8.719747281697252,-26.812639546232248
Lawyer Anna,2023-08-17 16:37:17,-8.704968363743902,-148.20876748154296
Soldier Nico,2023-05-26 16:42:28,19.624780322206675,112.27149386187779
Soldier Silvia,2023-01-07 01:40:15,-19.19545854203885,-66.8748614269959
Soldier Enzo,2023-06-12 12:17:27,-2.471601370786942,153.06859969510333
Associate Luigi,2024-06-12 17:29:12,89.24503819438186,-155.70317916037237
Soldier Claudia,2024-10-20 08:57:12,45.10754463389458,80.7100279840721
Enforcer Bruno,2023-12-17 03:57:00,13.34172423069407,-146.08511924232002
Soldier Nico,2023-12-15 18:02:48,-72.96170032455443,-55.401738368106294
Associate Mario,2023-05-31 22:55:09,35.967894673905434,34.3189417101772
Underboss Marco,2024-02-02 03:47:31,-21.533575966492904,28.167267725857556
Soldier Bianca,2023-03-27 06:07:25,-29.932504463489508,6.53412207679807
Lieutenant Franco,2024-04-06 23:36:13,56.64030334030562,-173.79079429982417
Enforcer Bruno,2024-06-12 08:13:22,49.22738285940224,-35.7885877938908
Capo Gianni,2023-03-28 11:46:30,-35.99154367359741,96.33815699729985
Lawyer Anna,2023-11-12 21:52:37,-39.283983935147035,-25.71868949276103
Soldier Enzo,2023-01-05 16:57:54,-79.73398925585931,-54.88959974801881
Capo Angela,2023-09-16 09:47:13,68.1338203548336,-62.16007308877059
Informant Pietro,2024-02-09 23:20:47,-21.236204678336136,71.86728097140661
Enforcer Bruno,2023-07-08 03:26:38,38.6100840822744,-80.66261782827351
Associate Sergio,2024-01-17 02:21:52,-12.343440002465883,-47.56319258390019
Capo Salvatore,2023-01-01 22:55:53,-48.222307443338195,82.21209234905012
Underboss Marco,2023-01-10 09:36:35,-48.5533954458257,-44.95760151306675
Don Vito,2023-10-05 06:50:54,6.376481238630447,-153.6139232163382
Associate Luigi,2024-11-29 22:35:33,-20.277875618559463,112.07417162947542
Soldier Luca,2023-11-22 02:42:26,41.68188518371829,83.34134335655273
Capo Rosa,2023-10-04 02:51:08,56.782010621725505,29.131067861438595
Enforcer Fabio,2023-09-04 14:34:16,57.49840919872895,-117.6077713854723
Capo Rosa,2023-08-03 11:40:25,7.096635119105514,68.58350484457512
Lieutenant Franco,2023-06-29 14:19:19,-63.24651612417337,43.49737113966577
Underboss Marco,2023-10-28 19:55:49,-81.69558233171973,157.79727196946845
Underboss Maria,2023-03-21 05:36:03,-41.838784624278574,-32.14910319076466
Accountant Elena,2023-02-09 10:51:12,-8.006767359237998,-125.69699394202776
Soldier Enzo,2024-01-06 03:58:02,-9.87664443521804,-7.554032859529627
Soldier Bianca,2023-10-18 09:09:40,-77.60659109580878,90.45147024059895
Capo Salvatore,2023-12-18 04:57:18,-7.889719212785991,174.99332725672838
Capo Rosa,2024-07-31 08:54:30,29.18731523124157,-42.30962513628299
Soldier Luca,2023-06-26 06:02:40,4.173681490518902,-30.220313515621626
Consigliere Carlo,2023-05-24 16:09:32,84.74768311300417,-143.13689302994413
Enforcer Bruno,2024-08-21 04:38:54,-40.05791275010233,94.53643615694614
Enforcer Fabio,2024-01-31 19:35:45,-79.18401152119145,36.625533521073606
Underboss Marco,2024-11-06 18:01:22,19.68829696997301,-106.93961196735385
Informant Pietro,2023-06-18 22:13:20,81.08988253740785,-172.19927847701865
Underboss Marco,2024-02-25 11:12:09,-10.853251785272974,49.44109962693014
Lieutenant Franco,2024-09-16 03:41:27,-52.49102112527139,173.31202083643717
Capo Gianni,2024-07-17 12:36:23,10.172638646542865,101.7558948789565
Don Vito,2023-09-17 17:44:24,61.250201837132295,133.17974850784128
Capo Rosa,2023-07-30 15:13:42,-7.355220875130925,49.51450906187961
Associate Mario,2023-02-19 10:05:44,-74.49488428508303,-23.160072488709517
Capo Angela,2024-09-03 11:26:18,-1.2435445471500657,-155.69735771935916
Soldier Marta,2023-09-16 11:20:57,0.3923768018763667,-160.59681209230027
Capo Rosa,2024-01-05 06:56:22,33.975518306415864,-8.277964029335294
Associate Sergio,2024-07-23 15:32:13,42.456071350206486,179.98671780821678
Capo Gianni,2024-05-10 05:00:38,33.09604552050628,-38.380002738307866
Accountant Elena,2023-06-17 17:44:21,54.23471797769983,-18.560408363383743
Soldier Claudia,2023-07-26 01:52:22,44.11621597938188,11.869672139706097
Enforcer Bruno,2023-04-07 05:50:31,38.62103226921889,-120.37420673815677
Soldier Paolo,2023-01-31 07:31:52,66.36811732949795,-4.222767833740988
Lawyer Anna,2023-04-27 17:41:50,69.24528555260972,147.71996936286894
Enforcer Bruno,2023-10-28 23:08:57,1.978044134928794,-157.54034677891568
Accountant Elena,2024-10-15 08:14:23,28.368437144970642,-152.76096966694905
Consigliere Carlo,2024-07-29 10:39:22,-61.13283409280915,132.54792968353883
Capo Gianni,2024-10-31 00:54:57,-20.574795872539838,-132.3690860387571
Associate Mario,2024-06-04 13:31:53,50.59593705208624,24.855775009496455
Associate Mario,2024-08-31 11:38:40,64.6305956169337,140.873839106733
Accountant Elena,2024-01-14 18:59:37,22.966124386827417,-118.17810879630287
Soldier Nico,2024-09-28 07:24:05,51.26742699043163,-59.24964615828594
Soldier Claudia,2023-04-09 21:08:15,9.698739714804532,57.957063258325604
Don Vito,2024-09-05 07:18:02,-88.12188060870155,1.8508165973217388
Soldier Silvia,2024-05-21 06:50:10,80.87461060635144,153.06487728403147
Underboss Maria,2024-03-28 21:52:21,-29.501349540309377,30.64525259094529
Associate Sergio,2023-10-04 18:02:29,24.225257945163435,118.032872517018
Don Vito,2023-09-10 14:05:06,-81.78047475812038,100.4108896911759
Soldier Bianca,2023-06-25 04:17:43,72.40673690143043,88.0990033299733
Soldier Marta,2024-06-22 16:14:36,-53.59955907814084,154.30682613598606
Associate Sergio,2024-12-07 17:02:48,67.19062832162874,-21.632216270063594
Accountant Elena,2023-02-20 10:40:59,-36.381209792781775,71.53942043594833
Capo Salvatore,2023-09-10 13:21:40,45.28918517603947,130.83722172918925
Associate Sergio,2024-11-30 18:40:48,-54.085934142278575,-120.20982918726419
Associate Sergio,2024-01-23 17:23:06,-66.15460121729652,13.97328533758457
Soldier Nico,2024-01-10 00:44:04,-88.81197332519793,-154.37243025981286
Associate Luigi,2023-11-06 17:37:42,83.76188388995934,-157.5761761346268
Underboss Maria,2023-10-28 13:35:29,8.327218582358583,-144.35295254786757
Soldier Paolo,2023-12-08 08:51:18,-55.20634284034942,-99.96460955400784
Soldier Luca,2024-07-03 07:24:43,-62.552361088768905,45.78441218172813
Soldier Silvia,2024-05-02 00:07:01,21.605186695260798,-106.60263601596091
Associate Luigi,2024-07-19 06:30:06,-34.29541486974679,125.0478511455417
Lieutenant Franco,2023-08-30 00:10:13,87.10790145935383,-98.41062479489356
Don Vito,2023-09-16 07:18:06,61.57596476097589,13.620897363726613
Consigliere Carlo,2023-10-11 08:13:49,38.0890619356594,57.410131108104935
Associate Luigi,2024-07-13 12:55:24,-53.924755262584426,44.533445272453775
Don Vito,2024-07-13 03:43:09,-2.7062043404672096,-144.95092511302323
Consigliere Carlo,2023-10-27 21:45:07,76.40184373588235,48.58057156876862
Don Vito,2023-11-19 08:29:30,-87.88980828316436,-144.0863652467665
Capo Salvatore,2024-03-19 05:42:10,-24.091183356508864,2.5826934978038594
Don Vito,2024-07-01 09:52:50,-4.010329244372031,109.02296104279645
Lawyer Anna,2023-09-10 22:05:32,-49.10917810597249,-28.07874436333921
Soldier Enzo,2024-07-01 14:07:51,60.52756326735425,-113.12727359198486
Consigliere Carlo,2024-08-27 10:22:18,-24.13035949336698,-159.45569562070912
Soldier Nico,2024-02-25 05:36:26,51.94052538782765,157.99225308025433
Don Vito,2023-06-29 16:31:08,-30.708701622709064,92.14851971914703
Soldier Nico,2024-07-10 07:37:41,71.12493163269986,146.4068307410862
Soldier Nico,2024-10-10 19:12:53,8.981910673673156,78.06573526867822
Capo Gianni,2024-08-15 15:20:28,77.23515780096199,-124.95122876704926
Capo Rosa,2024-10-04 05:48:27,-86.72712164559728,-172.961807286795
Enforcer Fabio,2023-11-03 11:00:17,-39.151583661950944,-87.17077521676603
Associate Mario,2023-06-01 05:58:14,21.933328276405618,-69.38931973090043
Enforcer Fabio,2023-01-02 08:10:46,-83.14295507567658,92.86230503640377
Enforcer Bruno,2023-09-30 20:58:21,-24.575843346872702,106.19749395402795
Soldier Luca,2024-01-09 13:17:40,-84.41391321045067,145.11001146847212
Associate Luigi,2024-02-24 23:49:37,39.98561417608579,-40.19034989786016
Soldier Silvia,2024-01-08 21:51:42,65.08766125210195,-95.48948779394826
Soldier Paolo,2024-11-13 14:25:36,-27.83995570502578,48.01650791618616
Soldier Luca,2023-08-24 22:59:57,53.81003358418732,-93.70144086816916
Capo Rosa,2024-11-28 13:17:41,79.68489709926732,-165.73787360866189
Capo Rosa,2023-05-14 08:57:57,-75.40643167904406,4.610915833134982
Soldier Nico,2023-03-10 08:27:51,-69.01627332213374,63.058148445125624
Consigliere Carlo,2024-07-07 09:44:12,-32.17763104289544,-6.307196627457557
Lieutenant Franco,2023-08-10 10:34:01,31.854101637316745,-127.75776835102076
Capo Gianni,2023-02-14 23:15:22,-14.574489770386947,-66.2213418272201
Soldier Enzo,2024-07-15 18:44:17,-4.280434729258431,65.14624563171625
Soldier Nico,2023-09-08 01:03:52,-80.61770866554409,115.69386692702335
Soldier Nico,2023-01-06 20:00:18,-74.64304218150194,-112.93319129860255
Don Vito,2023-01-11 18:19:55,-25.80864991860186,-9.636309747179496
Lieutenant Franco,2024-07-13 13:52:58,41.446598867945085,63.83769452658126
Underboss Maria,2023-04-02 11:53:44,-73.46145371303149,108.83927858791037
Capo Angela,2023-12-20 09:58:09,39.48942944663651,30.30701344375794
Soldier Paolo,2024-07-30 16:47:08,83.69560573900327,122.92875342392739
Soldier Nico,2023-09-08 11:11:01,26.34135181628986,93.14243556081539
Accountant Elena,2024-02-20 13:13:00,83.2629684938326,58.0508694001814
Enforcer Bruno,2023-05-24 05:33:12,-62.492059638953904,46.68909069034538
Informant Pietro,2024-08-09 09:53:55,-6.646511511079382,-152.5255273794434
Capo Angela,2023-06-27 08:53:22,-10.18293076207459,-67.69522644574552
Lawyer Anna,2024-03-21 22:50:05,4.228380954662683,47.20777660305998
Associate Mario,2023-11-01 21:40:53,-10.013695201012965,1.3161933133566777
Accountant Elena,2024-03-16 18:41:52,-40.233581280915644,5.176592711270388
Soldier Enzo,2023-08-26 04:56:28,-51.0660800052996,41.55833643284373
Capo Gianni,2024-05-15 12:31:44,-80.11658652809113,-41.257795648314186
Lawyer Anna,2024-10-13 21:36:54,-47.125270946331625,-124.40128433227495
Soldier Nico,2023-01-07 01:45:17,-46.61166376015546,176.027676175605
Capo Angela,2023-02-24 01:59:40,-56.67331327987134,-3.255591209237025
Soldier Bianca,2024-02-19 18:07:27,-55.79341316964662,-79.5597665247322
Soldier Claudia,2024-03-09 14:10:39,-65.19415489463915,135.5270049462169
Accountant Elena,2023-04-22 16:09:10,-87.92100838866398,140.9660633789581
Soldier Enzo,2023-06-19 07:03:08,34.36787974778326,140.02122310667107
Soldier Marta,2024-05-27 00:12:15,-48.8178272324308,122.51968723293487
Accountant Elena,2024-05-28 14:29:38,-56.02062611616918,159.55384640043582
Associate Luigi,2024-07-13 18:04:51,-27.692965272513604,-179.99783368029063
Don Vito,2023-08-13 14:40:54,83.59953338312562,11.155634437713502
Soldier Marta,2023-12-06 21:16:57,-59.724643820652986,-124.9499054251354
Soldier Nico,2023-05-19 16:28:21,-53.23788023313347,116.66231739999057
Soldier Silvia,2023-06-20 07:25:05,-3.489410212762337,-138.7981757656712
Underboss Marco,2024-03-20 05:16:58,86.92730651238725,47.72487236185788
Capo Angela,2024-04-27 07:04:13,79.62696960938413,31.370704521388518
Lawyer Anna,2024-03-03 17:13:11,-3.267883304022064,152.09367759805554
Soldier Claudia,2023-01-10 03:20:55,-12.635389978727417,11.727999335087475
Capo Angela,2023-07-02 21:43:23,-88.69439491992418,14.953116299050436
Associate Sergio,2024-12-30 21:19:53,50.94213147736073,97.50788276876062
Associate Luigi,2024-09-20 09:59:53,58.2067035555896,-65.00071673742227
Soldier Marta,2024-03-29 05:12:56,-46.09216543029452,-77.055996634159
Soldier Nico,2024-01-28 12:10:55,-66.43421245226898,138.1148470991874
Associate Sergio,2024-04-15 07:24:30,62.9137905971769,120.14659334149474
Capo Gianni,2023-07-14 04:29:43,-10.53748151037614,-124.27889954373967
Soldier Marta,2024-10-08 06:42:08,1.489550591552387,-60.11076383348481
Underboss Maria,2023-03-09 22:29:40,69.79423223653873,-155.9703430326358
Capo Rosa,2023-09-14 04:34:32,57.965839956659835,140.43987840802532
Soldier Nico,2024-03-06 22:39:18,38.4335284679745,84.79161198928563
Soldier Paolo,2023-10-14 16:27:30,81.08127977163838,-83.1958721784839
Soldier Nico,2024-03-09 11:34:41,-37.857637537540505,6.640542980391189
Enforcer Bruno,2024-02-17 05:39:10,3.8722985961540246,-111.27594877620017
Enforcer Fabio,2024-01-20 20:15:15,-27.53378581257595,-52.47406958230201
Soldier Nico,2023-02-01 05:10:55,59.97722133947184,-93.69613389198936
Soldier Marta,2023-05-27 23:10:15,-80.09848875780689,58.2268345331143
Accountant Elena,2023-10-23 01:06:09,2.40808781844585,-14.112405741291326
Lieutenant Franco,2024-11-25 07:06:32,12.3837878953385,-11.17026567520304
Accountant Elena,2023-10-14 16:25:44,-81.71360566069168,132.9038308864968
Lawyer Anna,2024-01-09 01:59:51,50.82304313078407,-131.08263900748264
Soldier Paolo,2023-02-12 19:10:53,82.41056740726319,-22.287852113496285
Soldier Marta,2023-09-07 14:52:13,12.617864654944782,162.3237836704849
Consigliere Carlo,2023-06-15 14:23:07,24.215477084677843,79.21003087046807
Don Vito,2024-10-09 11:20:00,1.230160806267591,-100.75627096432694
Lieutenant Franco,2023-04-30 01:08:19,46.01040978016823,-6.92102816670311
Capo Rosa,2023-12-26 02:41:32,-34.84672090693739,44.410490801575946
Capo Gianni,2024-07-23 20:22:12,43.16732734587595,-51.851856116554245
Soldier Marta,2024-06-23 00:28:34,11.415171408906929,-101.93103478510406
Underboss Maria,2024-03-13 14:46:52,16.601453574256496,99.75989952533985
Informant Pietro,2024-05-20 13:16:15,88.34351300456362,102.74983575138589
Lawyer Anna,2024-11-12 01:29:41,76.2433217187673,-163.63088738950674
Associate Mario,2024-06-16 22:39:23,56.303263483552456,-87.85469271024634
Associate Luigi,2024-12-26 10:12:32,32.685247882059016,-35.63008836936956
Associate Mario,2023-08-28 22:57:32,1.8068040312728613,68.33494006835846
Underboss Marco,2023-12-09 04:26:51,-69.82595005148042,-98.74017809413239
Associate Mario,2024-04-22 04:35:04,78.03356173474381,-138.87630605473984
Informant Pietro,2023-10-01 12:01:06,-89.99748215488748,-90.1221497343755
Soldier Silvia,2024-12-12 22:32:01,35.821754538647866,63.06780293388411
Enforcer Bruno,2024-05-23 10:42:16,-28.608454112560402,-122.43047335666137
Soldier Luca,2024-10-30 14:49:55,-55.62912820907572,-8.190081270950628
Associate Luigi,2023-12-15 07:00:46,-26.574812407060776,-106.85725396676534
Underboss Marco,2024-01-21 14:53:00,11.410834463843656,-158.55114341389293
Soldier Nico,2024-05-05 19:48:19,59.19386963197218,16.22958794414467
Underboss Maria,2023-10-02 00:40:08,-6.117706920175863,157.0371219096064
Soldier Nico,2023-12-03 23:12:50,83.88125915281111,77.44288553726636
Capo Gianni,2023-11-18 09:58:10,85.41429743801822,163.97034279815819
Soldier Bianca,2024-10-30 21:32:54,87.15629656530493,27.144500356399647
Informant Pietro,2023-04-24 15:04:15,-67.92286204085337,-116.74902288846374
Capo Gianni,2024-03-16 08:28:18,-55.31188081864329,91.47817266956696
Soldier Enzo,2024-12-21 13:48:45,26.05857159914241,137.50033357496022
Soldier Marta,2024-10-25 21:13:19,-3.5159133505542712,142.20295222036077
Capo Gianni,2023-06-06 20:07:52,-64.59360207902068,-113.60538009277654
Capo Salvatore,2023-04-10 08:50:35,-89.8469916065839,-142.79651492087297
Soldier Silvia,2024-12-25 02:12:02,77.64894772915204,-103.63917358864245
Soldier Bianca,2024-11-19 19:02:44,38.08562745067951,-166.93603508563646
Soldier Paolo,2024-05-07 12:50:49,37.8130002277708,98.91290096539086
Associate Mario,2023-02-17 23:05:02,61.1003491918425,-127.45637381757683
Accountant Elena,2024-02-18 05:36:30,-10.00923489203474,29.649379511528878
Underboss Maria,2023-04-04 23:27:57,-6.81780844834438,146.17657691969737
Soldier Bianca,2024-03-08 04:00:04,0.9400247388100667,166.2540991138594
Lawyer Anna,2024-12-21 09:57:10,-28.039238543730107,171.5526293581005
Associate Mario,2024-11-16 17:15:48,-46.11388571118423,-146.80166522706432
Underboss Maria,2023-07-03 01:25:08,33.936679970240746,-71.09200947268886
Underboss Marco,2024-09-03 17:40:11,54.4080600597803,-144.4661599721737
Soldier Marta,2023-06-10 02:39:41,3.8627595677139652,88.85271812067174
Informant Pietro,2023-02-26 12:04:14,15.327535967247172,30.96502210903151
Underboss Maria,2023-07-06 09:38:26,-28.955879166307056,-116.8564029590745
Accountant Elena,2023-08-16 15:31:19,26.231434241835828,51.0122683564789
Don Vito,2023-08-24 12:30:46,16.38467622756714,43.593078501253444
Soldier Silvia,2024-05-25 10:07:11,-44.34128420168774,97.93025983549649
Don Vito,2024-06-20 13:28:24,69.86480563122055,-144.70285818163472
Soldier Claudia,2023-07-04 04:01:32,-55.160962146689876,-163.62971878495247
Soldier Paolo,2024-03-23 13:19:37,-35.611026927678346,-129.30817242802914
Underboss Marco,2024-10-11 21:30:49,49.25779045748109,55.22792950602707
Informant Pietro,2023-08-23 06:48:56,-72.16127391633313,-157.8367023341439
Capo Salvatore,2023-03-05 03:12:37,-7.388114308007019,47.62815170327073
Don Vito,2024-12-07 18:08:54,5.133917118371102,39.12468693354501
Soldier Silvia,2023-07-18 06:49:36,69.74767082181418,-39.8576457650029
Consigliere Carlo,2023-06-17 07:26:25,62.63129626355382,-144.1779847292389
Accountant Elena,2024-12-12 09:23:33,-83.12498550204805,-172.04920594186694
Soldier Bianca,2024-05-14 07:46:17,19.06173374206628,-125.19055014358648
Underboss Marco,2024-03-06 09:33:33,-38.65094844665492,79.8881209653556
Underboss Marco,2023-07-12 17:49:02,-57.54888100132598,109.27414111780416
Soldier Marta,2024-09-20 09:04:59,14.917467526901959,87.29008985329364
Associate Luigi,2023-03-23 00:09:19,-83.24206174472013,-124.01309864245644
Underboss Maria,2023-10-17 17:07:12,-84.80604324473966,72.75799098892512
Associate Mario,2024-05-10 21:04:25,11.797639762718674,-49.79753171566816
Associate Sergio,2023-02-24 18:08:31,89.30602061895269,154.33095796986345
Associate Luigi,2024-01-27 21:04:04,-70.01062848098793,-78.64614224064238
Associate Mario,2024-02-22 13:26:18,-36.260483241199275,16.994431792629427
Underboss Maria,2023-01-20 19:44:27,-57.97144825418743,-154.75778445140128
Soldier Nico,2024-10-04 11:03:13,-68.55373064668991,151.22020065987073
Consigliere Carlo,2024-06-29 20:41:57,19.294591177421083,-40.60136330635871
Soldier Marta,2023-05-16 11:37:01,-57.89831197246497,-164.13593463686445
Soldier Silvia,2024-10-08 05:25:55,-35.9082192377537,162.2269792124864
Soldier Paolo,2024-07-08 10:43:41,-52.07325769185263,135.5116012112104
Soldier Enzo,2024-01-23 05:54:09,44.804691883122814,-31.04749170559009
Consigliere Carlo,2024-03-01 14:01:37,87.1463388300896,-131.25774844497522
Enforcer Fabio,2024-05-26 06:03:11,19.263229244657012,-30.01712462965105
Associate Sergio,2024-05-29 00:28:16,-29.109501264116787,92.28990234515254
Soldier Claudia,2024-01-14 08:18:15,-52.91808083861252,-64.57184385442281
Capo Salvatore,2023-12-10 00:24:33,84.47111029592489,-98.06728148347678
Lawyer Anna,2024-05-23 13:33:26,-10.210881817855537,53.31831453553926
Enforcer Bruno,2023-10-30 00:51:18,41.2139413018042,177.5605751484598
Accountant Elena,2023-02-16 09:19:23,-79.1184611067276,34.86805378682436
Capo Gianni,2023-06-26 03:16:40,47.11070027266365,-117.77325180557017
Accountant Elena,2024-06-27 20:18:20,-71.2591888676061,110.43841387368565
Consigliere Carlo,2023-08-10 23:06:56,-27.868792849508623,-107.66516900489917
Accountant Elena,2024-02-26 20:56:45,-32.32348267872879,77.93028055201711
Associate Luigi,2024-01-17 08:22:21,41.421680466602425,53.74567738112242
Capo Salvatore,2023-11-30 09:59:40,-14.09575849420959,-60.51167760539185
Soldier Nico,2023-05-28 05:21:32,-51.86324342510673,-159.08260332298224
Lieutenant Franco,2024-01-19 23:17:43,52.012874307870504,100.93119046390854
Capo Gianni,2023-08-02 17:48:59,60.6858934457303,-71.35824348973702
Accountant Elena,2024-07-23 22:33:23,-49.55665778071375,-147.55514204545892
Underboss Maria,2024-12-16 08:12:47,-14.923223688909516,-161.47326119791242
Consigliere Carlo,2024-10-18 09:05:39,-83.44225606649867,9.903402658075038
Consigliere Carlo,2024-03-22 02:35:04,1.5287589565988497,154.22439548230017
Soldier Bianca,2024-07-12 15:52:35,-69.57275925631058,-135.7406101492812
Underboss Maria,2024-09-05 06:01:56,39.4080692577337,30.945595876448436
Don Vito,2024-05-02 03:22:53,9.939470396253853,-120.92538577468699
Associate Mario,2023-12-31 07:14:42,4.330625592920541,89.06576904061603
Soldier Bianca,2024-10-15 21:04:21,-69.80445065413645,78.13964972157703
Soldier Luca,2023-03-16 00:58:27,10.89166197160354,-52.0074467356162
Associate Mario,2024-09-08 16:49:06,-20.71391901259895,172.9045274110997
Underboss Maria,2024-10-05 09:31:46,-79.71480832815114,56.97863199907394
Soldier Paolo,2023-11-20 09:36:19,-52.51168857321167,-52.41423962341041
Soldier Silvia,2024-04-20 16:00:41,-3.5149365068493097,-175.03186731739058
Lieutenant Franco,2023-07-02 05:55:52,-77.38861198246417,138.2576333326831
Underboss Maria,2024-05-12 03:17:07,-43.93964429023257,-164.6555803121945
Lawyer Anna,2024-11-08 01:10:11,-64.45757475348634,-163.9591366810489
Soldier Nico,2024-02-14 14:39:22,57.107298668015574,3.45463474145339
Accountant Elena,2023-05-04 10:03:45,-3.9859784527911586,-29.412498179221757
Enforcer Fabio,2023-10-19 08:26:19,89.2882937004822,-7.561195377036199
Capo Rosa,2023-01-26 13:23:22,80.39675611748257,-61.41159186303102
Informant Pietro,2024-08-09 13:26:48,-82.65914728775982,31.348094128190723
Lieutenant Franco,2023-02-22 07:11:19,68.48331646959673,5.636041235974346
Enforcer Fabio,2024-04-14 16:10:57,-14.74081931519575,-87.32631838504795
Capo Angela,2023-11-09 01:03:42,-66.93283717547888,26.827271186827915
Associate Sergio,2024-07-04 20:00:13,72.48806328563964,-57.83106019854503
Consigliere Carlo,2024-04-09 13:06:44,-68.32845698324375,-125.15135286187615
Enforcer Bruno,2023-03-21 08:44:31,-68.13200853977925,-40.93568838806445
Capo Rosa,2024-09-30 05:41:46,8.562152743141027,-177.76060881023625
Soldier Nico,2024-08-21 15:19:55,-87.20851585402988,-161.91484902993767
Associate Sergio,2024-11-27 05:25:16,-40.687596095361194,67.1434007411986
Informant Pietro,2024-05-04 17:34:35,-67.39937220047966,-64.73416394867594
Enforcer Fabio,2024-12-01 05:39:48,-63.89826012617916,151.0293586311817
Enforcer Bruno,2023-07-13 09:18:41,40.14657428882876,-43.552963369085205
Soldier Luca,2024-07-11 17:12:33,-59.923271665825055,175.1246341235406
Enforcer Fabio,2023-04-06 04:35:32,86.39324558177626,-145.45054654923774
Soldier Paolo,2023-06-04 15:34:45,-28.18377616774464,55.892910436817345
Associate Sergio,2024-02-09 01:26:19,-31.935008044216374,84.99790970303695
Lieutenant Franco,2023-07-15 21:53:17,-0.8107384052593147,-37.03879640319451
Associate Sergio,2024-05-20 12:31:50,1.1446065024935308,-2.3943713797127657
Associate Sergio,2024-11-23 07:58:38,43.31778767443373,-107.77245584978252
Underboss Maria,2023-04-30 01:59:29,-24.466497380821238,-92.19224667495311
Capo Gianni,2023-05-18 03:52:46,59.26980796984992,0.9370819879113981
Capo Salvatore,2023-10-14 00:35:24,46.731823382285825,-63.67697964758882
Capo Angela,2024-06-16 00:40:44,39.09098003197829,-3.7591873157477664
Soldier Marta,2023-12-11 13:39:13,37.6255406079118,-28.087833785906554
Lawyer Anna,2023-08-17 19:03:01,35.16437348575808,148.5076932739139
Associate Sergio,2024-01-07 18:23:30,-57.032001751070034,-81.35708598653586
Capo Gianni,2024-09-25 04:23:10,37.212631007551906,109.2858933486201
Capo Salvatore,2024-08-01 02:36:38,-10.388266441245179,-135.35487126315036
Soldier Silvia,2023-02-14 23:12:40,-48.80023133040001,124.65591063264407
Soldier Paolo,2023-04-10 02:42:35,-36.45970297817232,-173.8035634097566
Soldier Enzo,2024-06-07 09:57:13,-86.1025974002192,168.35711303053768
Soldier Enzo,2023-09-14 05:15:02,71.21709771921621,-5.1959765753964575
Lieutenant Franco,2024-10-23 01:18:43,-29.269431572613264,94.96259110406561
Soldier Bianca,2024-12-04 16:30:03,84.67867743450543,73.15186401378253
Associate Luigi,2024-06-02 01:32:38,-51.1702368861615,139.01093796905838
Soldier Claudia,2024-02-04 03:43:03,40.07805627069834,-158.24478403308618
Associate Luigi,2023-01-07 09:22:16,-12.740367542243447,99.30538446674694
Don Vito,2023-10-28 21:42:08,59.503939549155604,5.9244237300188445
Soldier Nico,2023-08-05 11:44:08,82.84665869861138,-81.53823209744087
Associate Sergio,2023-09-29 19:29:30,-34.168548330948525,-147.13443592627547
Underboss Maria,2023-03-26 00:52:55,-22.5828217246289,43.4911478874335
Soldier Silvia,2023-08-08 00:32:18,-27.075704285091945,72.14739917854612
Capo Salvatore,2023-03-28 07:25:52,-64.78371576673115,174.39723369728108
Consigliere Carlo,2023-12-31 00:55:42,-78.32017907008512,37.46589648864327
Capo Salvatore,2024-06-28 06:46:39,69.73504913735835,-139.11221791347722
Underboss Maria,2023-03-03 02:45:15,-17.574808340891167,-47.10072059308962
Consigliere Carlo,2024-08-04 14:59:42,89.9188649353602,-111.23463072116287
Soldier Claudia,2024-07-06 19:23:06,-15.768933354758417,-1.9842924537695694
Underboss Marco,2024-04-25 00:51:50,-59.832275101228284,100.48625730362869
Capo Salvatore,2023-08-20 11:27:43,-68.45075154142611,-78.95129931378267
Enforcer Bruno,2024-02-16 12:01:16,36.020593488572715,-79.64157093745683
Associate Luigi,2023-12-29 20:41:02,-65.4197860584548,-32.160937870798506
Capo Rosa,2023-12-05 23:00:39,-79.70542013923485,92.26970414705272
Soldier Bianca,2024-01-05 07:58:11,16.21305796183333,-161.36425117557334
Soldier Bianca,2023-11-19 22:42:48,-79.03758404426367,59.258640897656306
Soldier Bianca,2023-05-04 23:55:40,-18.29258400428199,-115.53657277321089
Soldier Enzo,2023-02-15 02:40:31,-64.63808661035472,-19.577812531243154
Associate Mario,2024-04-27 05:58:00,86.86236829132622,-29.774325525297286
Don Vito,2024-07-29 09:02:20,-66.50989085603342,70.48307703242011
Don Vito,2024-09-01 08:46:00,8.826327223762746,-154.65897471999065
Capo Salvatore,2024-06-20 00:33:31,-6.801371913198224,6.032748255993766
Underboss Marco,2023-07-28 13:51:30,-11.88905690729996,43.096800040065034
Soldier Enzo,2024-11-18 23:52:12,-58.05777197171899,-18.356237220898322
Soldier Claudia,2023-03-16 23:02:59,-66.56046167033034,-148.13353754377675
Soldier Enzo,2023-08-13 09:56:38,-4.580147039440135,-71.20198951805668
Soldier Paolo,2023-08-04 08:53:22,-89.6382156315549,96.32517436898729
Accountant Elena,2024-07-01 14:44:43,61.282657118117186,-29.962671199145234
Soldier Bianca,2023-12-21 22:57:38,-15.203136911125355,-48.198399867200834
Enforcer Bruno,2023-10-20 17:28:14,24.642880930904482,167.0440609228403
Capo Gianni,2023-01-03 17:50:12,-60.21828098387677,88.72069705117116
Capo Angela,2024-02-21 06:05:51,-33.77831133583234,88.5182535433899
Soldier Silvia,2023-07-14 18:47:54,72.81114028623153,-112.47611177808591
Lieutenant Franco,2024-11-14 15:27:29,-19.588999589383477,62.783284815954545
Accountant Elena,2024-12-30 02:06:26,-7.397233568661136,151.1545054083743
Soldier Nico,2023-07-13 20:42:38,86.17068578060346,-46.53137765362325
Soldier Claudia,2023-09-04 02:15:33,81.97703164211674,129.6213655980547
Associate Sergio,2024-09-02 00:41:30,-38.99820633255663,-135.8918271962179
Capo Salvatore,2023-04-13 19:46:25,-9.5256139202056,-32.3467300658065
Soldier Bianca,2024-09-12 01:46:41,-15.521406016502567,47.63371163514748
Capo Gianni,2024-11-03 03:58:58,-30.596608158525463,-58.93458278196029
Enforcer Fabio,2023-03-26 09:34:24,-67.72332238673151,-145.9794956831107
Enforcer Fabio,2024-06-09 05:17:52,-69.05831603161101,-89.9417452333588
Soldier Luca,2023-09-07 17:50:05,55.57914451984561,-85.48980706485665
Soldier Claudia,2023-01-27 06:38:06,-26.86277282335663,76.73231894077446
Soldier Paolo,2024-07-06 03:08:29,33.8713455374825,-162.2391538557654
Enforcer Bruno,2024-10-30 05:39:04,-37.66827064481598,-69.14240182552199
Enforcer Bruno,2024-10-12 23:25:14,46.22255629956325,-176.8312419995225
Lawyer Anna,2024-02-16 03:15:56,-68.40848374092224,64.7475335503162
Enforcer Fabio,2024-07-24 17:59:25,-87.7610382109314,-1.9420940611866513
Lawyer Anna,2023-05-25 05:21:38,36.73963025227546,-66.55764250112593
Underboss Marco,2024-10-15 01:20:55,24.00427299921641,-1.003254745381298
Underboss Maria,2023-12-19 06:16:07,-53.551086035680804,-94.42235351860758
Underboss Maria,2024-05-10 19:47:53,-82.96717324264665,-109.55495675935822
Soldier Marta,2024-05-20 18:26:07,56.91912874740464,131.73332201198747
Soldier Claudia,2023-03-28 02:11:12,-14.762916200275555,137.88272089033688
Don Vito,2023-03-31 22:56:02,-21.682619626512476,-108.46265789304617
Underboss Maria,2023-06-27 04:00:29,28.202779983565037,122.45235131451557
Capo Angela,2023-01-22 14:56:55,-3.718622828072057,7.501244477364764
Associate Luigi,2023-11-26 02:13:17,73.01956584028594,-107.82903273983113
Soldier Luca,2024-03-19 00:50:44,82.2505526449797,133.91345800699128
Soldier Luca,2024-09-11 02:04:20,38.8980621192523,-153.03032130767883
Soldier Claudia,2024-03-31 21:48:47,56.0073411178025,-70.62968789002686
Lieutenant Franco,2023-12-28 06:02:22,-8.383805730465994,99.26728176946546
Associate Mario,2023-10-10 11:36:16,79.77525357711869,0.49047616492842394
Soldier Luca,2023-03-12 08:01:21,69.2167035635228,69.02867168597933
Capo Gianni,2024-12-01 07:09:03,3.250858741456568,-127.71561407003698
Lieutenant Franco,2023-11-06 02:51:34,-37.56552114852441,-45.79733996667156
Capo Rosa,2023-04-11 06:12:00,-18.6021097699972,-101.7301573313256
Soldier Claudia,2024-12-27 21:34:30,-9.776156484042815,-104.64152914321173
Capo Salvatore,2024-12-06 09:21:07,59.60638245838334,-23.493437109140643
Underboss Maria,2024-12-21 23:36:47,-78.42598193119224,131.5184127489967
Soldier Paolo,2024-05-09 06:42:00,-42.930254570966696,12.958321253417836
Associate Sergio,2024-11-02 12:06:48,-12.43079535455108,-81.94063667919325
Accountant Elena,2024-04-13 14:29:51,71.73191367698314,11.4425470121773
Associate Mario,2024-03-07 23:58:43,-36.436204432231996,-6.873252241100943
Soldier Enzo,2023-10-30 00:33:00,9.066332180577845,-3.6837451990528223
Capo Angela,2024-12-29 21:28:14,-35.84818586132974,-118.35659572298022
Associate Mario,2024-01-23 23:25:36,84.40206589026755,-85.48616831705343
Informant Pietro,2024-10-02 05:54:45,60.7215098169971,151.70870786647578
Lieutenant Franco,2023-01-01 16:48:48,36.94560851373289,-52.85662389531588
Soldier Nico,2024-02-12 02:46:56,6.958674754919244,161.6591289986889
Soldier Silvia,2024-06-14 13:44:58,10.239902427726676,35.04101507177148
Consigliere Carlo,2024-06-30 17:43:48,-26.688108374442436,161.14338562764317
Soldier Nico,2024-04-08 11:33:12,-15.39011107442299,133.3347142369243
Accountant Elena,2023-09-30 16:03:57,-27.056471161374006,-55.45955308583399
Soldier Bianca,2023-06-21 02:35:35,-87.52064753332392,39.91769257385775
Underboss Maria,2024-06-07 08:53:39,-57.85504228324145,34.31050301975239
Underboss Marco,2024-10-14 12:42:52,-81.20703336909494,45.833661607864144
Soldier Silvia,2024-07-18 18:31:53,44.35286484950336,-28.673866338471356
Enforcer Fabio,2024-05-15 13:58:56,-53.73218322851817,-64.41708759666798
Enforcer Fabio,2023-02-26 04:26:42,-81.70317541804258,-99.42635564726619
Lieutenant Franco,2023-04-22 10:20:17,23.719075084805468,134.42334198958446
Soldier Bianca,2024-04-28 08:13:21,-45.13883448583793,-65.69919476474544
Accountant Elena,2024-06-08 08:42:00,-67.38718512095346,-164.60567374584093
Capo Angela,2023-04-14 11:18:14,-67.48572676627904,34.56941490299093
Lawyer Anna,2024-04-02 23:53:23,34.26271052350951,73.14700579268353
Soldier Luca,2023-07-02 04:16:49,-21.108414490525433,-147.96104461407674
Associate Mario,2024-09-25 17:33:10,-89.29043471740681,-77.40149826512204
Soldier Paolo,2024-07-11 04:09:58,-64.92023933467539,177.8455445429828
Capo Salvatore,2023-02-23 04:12:15,-11.811560973889044,-175.41392053484535
Capo Rosa,2024-02-17 22:24:03,-44.30561294283069,-19.802004128969486
